,,,,,,,,,,,,,,,,,,,,,,,,,,,,,,,,,,,,,,,,,,,,,,,,,,,,,,,,,,,,,,,,,,,,,,,,,,,,,,,,,,,,,,,,,,,,,,,,,,,,,,,,,,,,,,,,,,,,,,,,,,,
,Genshin Impact Character Event Wish Banner History,,,,,,,,,,,,,,,,,,,,,,,,,,,,,,,,,,,,,,,,,,,,,,,,,,,,,,,,,,,,,,,,,,,,,,,,,,,,,,,,,,,,,,,,,,,,,,,,,,,,,,,,,,,,,,,,,,,,,,,,,,
 ,,,,,,,,,,,,,,,,,,,,,,,,,,,,,,,,,,,,,,,,,,,,,,,,,,,,,,,,,,,,,,,,,,,,,,,,,,,,,,,,,,,,,,,,,,,,,,,,,,,,,,,,,,,,,,,,,,,,,,,,,,,
,Patch No.,,,Appearances,1.0,1.0,1.1,1.1,1.2,1.2,1.3,1.3,1.3,1.4,1.4,1.5,1.5,1.6,1.6,2.0,2.0,2.1,2.1,2.2,2.2,2.3,2.3,2.4,2.4,2.5,2.5,2.6,2.6,2.7,2.7,2.8,2.8,3.0,3.0,3.1,3.1,3.2,3.2,3.3,3.3,3.4,3.4,3.5,3.5,3.6,3.6,3.7,3.7,3.8,3.8,4.0,4.0,4.1,4.1,4.2,4.2,4.3,4.3,4.4,4.4,4.5,4.5,4.6,4.6,4.7,4.7,4.8,4.8,5.0,5.0,5.1,5.1,5.2,5.2,5.3,5.3,5.4,5.4,5.5,5.5,5.6,5.6,5.7,5.7,5.8,5.8,Luna I,Luna I,Luna II,Luna II,Luna III,Luna III,Luna IV,Luna IV,Luna V,Luna V,Luna VI,Luna VI,Luna VII,Luna VII,Luna VIII,Luna VIII,7.0,7.0,7.1,7.1,7.2,7.2,7.3,7.3,7.4,7.4,7.5,7.5,7.6,7.6,7.7,7.7
,,,,,,,,,,,,,,,,,,,,,,,,,,,,,,,,,,,,,,,,,,,,,,,,,,,,,,,,,,,,,,,,,,,,,,,,,,,,,,,,,,,,,,,,,,,,,,,,,,,,,,,,,,,,,,,,,,,,,,,,,,,
,Character Event Wish,,,,,,,,,,,,,,,,,,,,,,,,,,,,,,,,,,,,,,,,,,,,,,,,,,,,,,,,,,,,,,,,,,,,,,,,,,,,,,,,,,,,,,,,,,,,,,,,,,,,,,,,,,,,,,,,,,,,,,,,,,
,Character Event Wish-2,,,,,,,,,,,,,,,,,,,,,,,,,,,,,,,,,,,,,,,,,,,,,,,,,,,,,,,,,,,,,,,,,,,,,,,,,,,,,,,,,,,,,,,,,,,,,,,,,,,,,,,,,,,,,,,,,,,,,,,,,,
,,,,,,,,,,,,,,,,,,,,,,,,,,,,,,,,,,,,,,,,,,,,,,,,,,,,,,,,,,,,,,,,,,,,,,,,,,,,,,,,,,,,,,,,,,,,,,,,,,,,,,,,,,,,,,,,,,,,,,,,,,,
,★★★★★,,,,Venti,Klee,Tartaglia,Zhongli,Albedo,Ganyu,Xiao,Keqing,Hu Tao,Venti,Tartaglia,Zhongli,Eula,Klee,Kaedehara Kazuha,Kamisato Ayaka,Yoimiya,Raiden Shogun,Sangonomiya Kokomi,Tartaglia,Hu Tao,Albedo,Arataki Itto,Shenhe,Zhongli,Yae Miko,Raiden Shogun,Kamisato Ayato,Kamisato Ayaka,Yelan,Arataki Itto,Kaedehara Kazuha,Yoimiya,Tighnari,Ganyu,Cyno,Nilou,Nahida,Yae Miko,Wanderer,Raiden Shogun,Alhaitham,Hu Tao,Dehya,Shenhe,Nahida,Baizhu,Yoimiya,Alhaitham,Eula,Sangonomiya Kokomi,Lyney,Zhongli,Neuvillette,Wriothesley,Furina,Cyno,Navia,Raiden Shogun,Xianyun,Xiao,Chiori,Neuvillette,Arlecchino,Wanderer,Clorinde,Sigewinne,Navia,Emelie,Mualani,Kinich,Xilonen,Nahida,Chasca,Neuvillette,Mavuika,Arlecchino,Yumemizuki Mizuki,Wriothesley,Varesa,Xilonen,Escoffier,Kinich,Skirk,Mavuika,Ineffa,Mualani,Lauma,Flins,Furina,Arlecchino,Durin,Varesa,Columbina,Zibai,Varka,Skirk,Linnea,Lauma,Nicole,Lohen,Sandrone,Columbina,Odette,Flins,,,,,,,,,,,,,,
,,,,,,,,,,,,,,,,,,,,,,,,,,,,,,,,,,,,,,,,,,,,,,,,,,,,,,,,,,,,,,,,,,,,,,,,,,,,,,,,,,,,,,,,,,,,,,,,,,,,,,,,,,,,,,,,,,,,,,,,,,,
,,,,,,,,,,,,,,,,,,,,,,,,,,Eula,,Xiao,Ganyu,,Sangonomiya Kokomi,Venti,,Xiao,,Klee,,Zhongli,Sangonomiya Kokomi,Venti,Albedo,Yoimiya,Tartaglia,Arataki Itto,Kamisato Ayato,Xiao,Yelan,Cyno,Kamisato Ayaka,Nilou,Ganyu,Yae Miko,Kaedehara Kazuha,Klee,Wanderer,Yelan,Tartaglia,Hu Tao,Venti,Baizhu,Kamisato Ayato,Kamisato Ayaka,Yoimiya,Nahida,Yae Miko,Arataki Itto,Kaedehara Kazuha,Lyney,Baizhu,Alhaitham,Furina,Nilou,Yelan,Kaedehara Kazuha,Raiden Shogun,Chiori,Hu Tao,Lyney,Zhongli,Citlali,Clorinde,Sigewinne,Furina,Xianyun,Venti,Navia,Raiden Shogun,Shenhe,Emelie,Citlali,Chasca,Nahida,Yelan,Nefer,Zhongli,Venti,Xilonen,Ineffa,Neuvillette,Flins,Escoffier,Chasca,Nefer,Durin,Mavuika,Citlali,Raiden Shogun,Arlecchino,Ineffa,,,,,,,,,,,,,,
,,,,,,,,,,,,,,,,,,,,,,,,,,,,,,,,,,,,,,,,,,,,,,,,,,,,,,,,,,,,,,,,,,,,,,,,,,,,,,,,,,,,,,,,,,,,,,,,,,,,,,,,,,,,,,,,,,,,,,,,,,,
,,,,,,,,,,,,,,,,,,,,,,,,,,,,,,,,,,,,,,,,,,,,,,,,,,,,,,,,,,,,,,,,,,,,,,,,,,,,,,,,,,,,,,,,,,,,,,,,,,,,,,,,,,,,,,,,,,,,,,,,,,,
,★★★★★,Venti,,7,,1,2,3,4,5,6,7,8,,1,2,3,4,5,6,7,8,9,10,11,12,13,14,15,16,17,,1,2,3,4,5,6,7,,1,2,3,4,5,6,7,8,9,10,11,12,13,14,15,16,17,18,,1,2,3,4,5,6,7,8,9,10,11,12,13,14,15,16,17,18,19,20,21,22,23,24,25,,1,2,3,4,5,6,7,8,9,10,,1,2,3,4,5,6,7,8,9,10,11,12,13,14,,,,,,,,,,,,,
,★★★★★,Klee,,6,,,1,2,3,4,5,6,7,8,9,10,11,,1,2,3,4,5,6,7,8,9,10,11,12,13,14,15,16,17,,1,2,3,4,5,6,7,8,9,10,11,12,13,14,15,16,17,,1,2,3,4,5,6,7,8,9,10,11,C,1,2,3,4,5,6,7,8,9,10,11,12,13,14,15,16,17,18,19,20,21,22,23,24,25,26,27,28,29,30,31,32,33,C,1,2,3,4,5,6,7,8,9,10,,,,,,,,,,,,,
,★★★★★,Tartaglia,,6,,,,1,2,3,4,5,6,7,,1,2,3,4,5,6,7,8,,1,2,3,4,5,6,7,8,9,10,11,12,13,14,15,16,17,18,,1,2,3,4,5,6,7,8,9,10,11,12,13,,1,2,3,4,5,6,7,8,9,10,11,12,13,14,15,16,17,18,19,20,21,22,23,C,1,2,3,4,5,6,7,8,9,10,11,12,13,14,15,16,17,18,19,20,21,22,23,24,25,26,27,28,29,,,,,,,,,,,,,
,★★★★★,Zhongli,,7,,,,,1,2,3,4,5,6,7,,1,2,3,4,5,6,7,8,9,10,11,12,,1,2,3,4,5,6,7,8,,1,2,3,4,5,6,7,8,9,10,11,12,13,14,15,16,17,18,,1,2,3,4,5,6,7,8,9,10,11,12,13,14,15,16,17,18,19,20,21,,1,2,3,4,5,6,7,8,9,10,11,12,13,14,15,,1,2,3,4,5,6,7,8,9,10,11,12,13,14,15,,,,,,,,,,,,,
,★★★★★,Albedo,,5,,,,,,1,2,3,4,5,6,7,8,9,10,11,12,13,14,15,16,,1,2,3,4,5,6,7,8,9,10,11,12,13,14,,1,2,3,4,5,6,7,8,9,10,11,12,13,14,15,16,17,18,19,20,21,22,23,24,C,1,2,3,4,5,6,7,8,9,10,11,12,13,14,15,16,17,18,19,20,21,22,23,24,25,26,27,28,29,30,31,32,33,C,1,2,3,4,5,6,7,8,9,10,,,,,,,,,,,,,
,★★★★★,Ganyu,,5,,,,,,,1,2,3,4,5,6,7,8,9,10,11,12,13,14,15,16,17,18,,1,2,3,4,5,6,7,8,9,,1,2,3,4,5,6,7,8,9,10,11,,1,2,3,4,5,6,7,8,9,10,11,12,13,14,15,16,17,18,19,20,21,22,23,24,25,26,27,28,29,C,1,2,3,4,5,6,7,8,9,10,11,12,13,14,15,16,17,18,19,20,21,22,23,24,25,26,27,28,29,,,,,,,,,,,,,
,★★★★★,Xiao,,6,,,,,,,,1,2,3,4,5,6,7,8,9,10,11,12,13,14,15,16,,1,2,3,4,5,,1,2,3,4,5,6,7,8,9,10,11,,1,2,3,4,5,6,7,8,9,10,11,12,13,14,15,16,17,18,,1,2,3,4,5,6,7,8,9,10,11,12,13,14,15,C,1,2,3,4,5,6,7,8,9,10,11,12,13,14,15,16,17,18,19,20,21,22,23,24,25,26,27,28,29,,,,,,,,,,,,,
,★★★★★,Keqing,,1,,,,,,,,,,,,,,,,,,,,,,,,,,,,,,,,,,,,,,,,,,,,,,,,,,,,,,,,,,,,,,,,,,,,,,,,,,,,,,,,,,,,,,,,,,,,,,,,,,,,,,,,,,,,,,,,,,,,,,,
,★★★★★,Hu Tao,,5,,,,,,,,,,1,2,3,4,5,6,7,8,9,10,11,,1,2,3,4,5,6,7,8,9,10,11,12,13,14,15,16,17,18,19,20,21,,1,2,3,4,5,6,7,8,9,10,,1,2,3,4,5,6,7,8,9,10,11,12,13,14,15,16,17,18,,1,2,3,4,5,6,7,8,9,10,11,12,13,14,15,16,17,18,19,20,21,22,23,24,25,26,27,28,29,30,31,32,33,,,,,,,,,,,,,
,★★★★★,Eula,,5,,,,,,,,,,,,,,1,2,3,4,5,6,7,8,,1,2,3,4,5,6,7,8,9,10,11,12,13,14,15,16,17,18,19,20,21,22,23,24,25,26,27,,1,2,3,4,5,6,7,8,9,10,11,C,1,2,3,4,5,6,7,8,9,10,11,12,13,14,15,16,17,18,19,20,21,22,23,24,25,26,27,28,29,30,31,32,33,C,1,2,3,4,5,6,7,8,9,10,,,,,,,,,,,,,
,★★★★★,Kaedehara Kazuha,,6,,,,,,,,,,,,,,,,1,2,3,4,5,6,7,8,9,10,11,12,13,14,15,16,,1,2,3,4,5,6,7,8,9,10,11,12,13,14,15,16,,1,2,3,4,5,6,7,8,9,10,11,12,13,,1,2,3,4,5,6,,1,2,3,4,5,6,7,8,9,10,11,12,C,1,2,3,4,5,6,7,8,9,10,11,12,13,14,15,16,17,18,19,20,21,22,23,,,,,,,,,,,,,
,★★★★★,Kamisato Ayaka,,5,,,,,,,,,,,,,,,,,1,2,3,4,5,6,7,8,9,10,11,12,,1,2,3,4,5,6,7,8,9,10,11,12,13,14,15,,1,2,3,4,5,6,7,8,9,10,11,12,,1,2,3,4,5,6,7,8,9,10,11,12,13,14,15,16,17,18,19,20,21,22,23,24,C,1,2,3,4,5,6,7,8,9,10,11,12,13,14,15,16,17,18,19,20,21,22,23,,,,,,,,,,,,,
,★★★★★,Yoimiya,,6,,,,,,,,,,,,,,,,,,1,2,3,4,5,6,7,8,9,10,11,12,13,14,15,,1,2,3,4,,1,2,3,4,5,6,7,8,9,,1,2,3,4,5,6,7,8,9,10,,1,2,3,4,5,6,7,8,9,10,11,12,13,14,15,16,17,18,19,20,21,22,23,C,1,2,3,4,5,6,7,8,9,10,11,12,13,14,15,16,17,18,19,20,21,22,23,,,,,,,,,,,,,
,★★★★★,Raiden Shogun,,7,,,,,,,,,,,,,,,,,,,1,2,3,4,5,6,7,8,,1,2,3,4,5,6,7,8,9,10,11,12,13,,1,2,3,4,5,6,7,8,9,10,11,12,13,14,15,16,17,,1,2,3,4,5,6,7,8,9,10,11,,1,2,3,4,5,6,7,8,9,10,11,,1,2,3,4,5,6,7,8,9,10,11,12,13,14,15,16,17,18,19,,1,2,3,,,,,,,,,,,,,
,★★★★★,Sangonomiya Kokomi,,5,,,,,,,,,,,,,,,,,,,,1,2,3,4,5,6,7,,1,2,3,4,5,6,7,,1,2,3,4,5,6,7,8,9,10,11,12,13,14,15,,1,2,3,4,5,6,7,8,9,10,11,12,13,14,15,16,17,18,19,20,21,22,23,24,25,26,27,28,29,30,31,C,1,2,3,4,5,6,7,8,9,10,11,12,13,14,15,16,17,18,19,20,21,22,23,,,,,,,,,,,,,
,★★★★★,Arataki Itto,,5,,,,,,,,,,,,,,,,,,,,,,,,1,2,3,4,5,6,7,,1,2,3,4,5,6,7,8,,1,2,3,4,5,6,7,8,9,10,11,12,13,14,15,16,17,18,19,20,21,,1,2,3,4,5,6,7,8,9,10,11,12,13,14,15,16,17,18,19,20,C,1,2,3,4,5,6,7,8,9,10,11,12,13,14,15,16,17,18,19,20,21,22,23,,,,,,,,,,,,,
,★★★★★,Shenhe,,4,,,,,,,,,,,,,,,,,,,,,,,,,1,2,3,4,5,6,7,8,9,10,11,12,13,14,15,16,17,18,19,20,,1,2,3,4,5,6,7,8,9,10,11,12,13,14,15,16,17,18,19,20,21,22,23,24,25,26,27,28,29,30,31,C,1,2,3,4,5,6,,1,2,3,4,5,6,7,8,9,10,11,12,13,14,15,16,17,18,19,20,21,22,,,,,,,,,,,,,
,★★★★★,Yae Miko,,6,,,,,,,,,,,,,,,,,,,,,,,,,,,1,2,3,4,5,6,7,8,9,10,11,12,,1,2,3,4,5,6,7,8,,1,2,3,4,5,6,7,8,9,10,11,12,,1,2,3,4,5,6,7,8,9,10,11,12,13,14,15,16,17,18,19,20,21,C,1,2,3,4,5,6,7,8,9,10,11,12,13,14,15,16,17,18,L,1,2,3,4,,,,,,,,,,,,,
,★★★★★,Kamisato Ayato,,4,,,,,,,,,,,,,,,,,,,,,,,,,,,,,1,2,3,4,5,6,7,8,9,10,11,12,,1,2,3,4,5,6,7,8,9,10,11,12,13,14,15,,1,2,3,4,5,6,7,8,9,10,11,12,13,14,15,16,17,18,19,20,21,22,23,24,25,C,1,2,3,4,5,6,7,8,9,10,11,12,13,14,15,16,17,18,19,20,21,22,23,,,,,,,,,,,,,
,★★★★★,Yelan,,5,,,,,,,,,,,,,,,,,,,,,,,,,,,,,,,1,2,3,4,5,6,7,8,9,10,11,12,,1,2,3,4,5,6,7,8,,1,2,3,4,5,6,7,8,9,10,11,12,13,14,15,16,,1,2,3,4,5,6,7,8,9,10,11,12,13,14,15,16,17,18,19,,1,2,3,4,5,6,7,8,9,10,11,12,13,14,15,16,17,,,,,,,,,,,,,
,★★★★★,Tighnari,,0,,,,,,,,,,,,,,,,,,,,,,,,,,,,,,,,,,,,,,,,,,,,,,,,,,,,,,,,,,,,,,,,,,,,,,,,,,,,,,,,,,,,,,,,,,,,,,,,,,,,,,,,,,,,,,,,,,,,,,,
,★★★★★,Cyno,,5,,,,,,,,,,,,,,,,,,,,,,,,,,,,,,,,,,,,,1,2,3,4,5,6,7,,1,2,3,4,5,6,7,8,9,10,11,12,,1,2,3,4,5,6,7,8,9,10,11,12,13,14,15,16,17,18,19,20,21,22,23,24,25,26,27,28,29,30,C,1,2,3,4,5,6,7,8,9,10,11,12,13,L,1,2,3,4,,,,,,,,,,,,,
,★★★★★,Nilou,,4,,,,,,,,,,,,,,,,,,,,,,,,,,,,,,,,,,,,,,1,2,3,4,5,6,7,8,,1,2,3,4,5,6,7,8,9,10,11,12,13,14,15,16,17,18,19,20,21,,1,2,3,4,5,6,7,8,9,10,11,12,13,14,15,16,17,18,19,C,1,2,3,4,5,6,7,8,9,10,11,12,13,14,15,16,17,18,,,,,,,,,,,,,
,★★★★★,Nahida,,5,,,,,,,,,,,,,,,,,,,,,,,,,,,,,,,,,,,,,,,1,2,3,4,5,6,7,,1,2,3,4,5,6,7,8,9,10,11,12,13,,1,2,3,4,5,6,7,8,9,10,11,12,,1,2,3,4,5,6,7,8,9,10,11,12,13,14,,1,2,3,4,5,6,7,8,9,10,11,12,13,14,15,16,17,18,,,,,,,,,,,,,
,★★★★★,Wanderer,,4,,,,,,,,,,,,,,,,,,,,,,,,,,,,,,,,,,,,,,,,,1,2,3,4,5,6,7,8,9,10,,1,2,3,4,5,6,7,8,9,10,11,12,13,,1,2,3,4,5,6,7,8,9,10,11,12,13,14,15,16,17,18,19,20,21,22,C,1,2,3,4,5,6,7,8,9,10,11,12,13,14,15,16,17,18,,,,,,,,,,,,,
,★★★★★,Alhaitham,,4,,,,,,,,,,,,,,,,,,,,,,,,,,,,,,,,,,,,,,,,,,,1,2,3,4,5,6,,1,2,3,4,5,6,7,8,9,10,11,12,13,14,15,16,,1,2,3,4,5,6,7,8,9,10,11,12,13,14,15,16,17,18,19,20,21,C,1,2,3,4,5,6,7,8,9,10,11,12,13,14,15,16,17,18,,,,,,,,,,,,,
,★★★★★,Dehya,,0,,,,,,,,,,,,,,,,,,,,,,,,,,,,,,,,,,,,,,,,,,,,,,,,,,,,,,,,,,,,,,,,,,,,,,,,,,,,,,,,,,,,,,,,,,,,,,,,,,,,,,,,,,,,,,,,,,,,,,,
,★★★★★,Baizhu,,4,,,,,,,,,,,,,,,,,,,,,,,,,,,,,,,,,,,,,,,,,,,,,,,,1,2,3,4,5,6,7,8,,1,2,3,4,5,6,7,8,,1,2,3,4,5,6,7,8,9,10,11,C,1,2,3,4,5,6,7,8,9,10,11,12,13,14,15,16,17,18,19,20,21,22,23,24,25,26,27,28,29,,,,,,,,,,,,,
,★★★★★,Lyney,,4,,,,,,,,,,,,,,,,,,,,,,,,,,,,,,,,,,,,,,,,,,,,,,,,,,,,,1,2,3,4,5,6,7,8,9,10,11,,1,2,3,4,5,6,7,8,9,,1,2,3,4,5,6,7,8,9,10,11,12,13,14,15,16,17,18,19,20,21,22,23,24,C,1,2,3,4,5,6,7,,,,,,,,,,,,,
,★★★★★,Neuvillette,,4,,,,,,,,,,,,,,,,,,,,,,,,,,,,,,,,,,,,,,,,,,,,,,,,,,,,,,,1,2,3,4,5,6,7,8,,1,2,3,4,5,6,7,8,9,10,11,,1,2,3,4,5,6,7,8,9,10,11,12,13,14,15,16,17,18,19,,1,2,3,4,5,6,7,8,9,10,11,,,,,,,,,,,,,
,★★★★★,Wriothesley,,3,,,,,,,,,,,,,,,,,,,,,,,,,,,,,,,,,,,,,,,,,,,,,,,,,,,,,,,,1,2,3,4,5,6,7,8,9,10,11,12,13,14,15,16,17,18,19,20,21,22,23,,1,2,3,4,5,6,7,8,9,10,11,12,13,14,15,16,17,18,19,20,21,22,L,1,2,3,4,,,,,,,,,,,,,
,★★★★★,Furina,,4,,,,,,,,,,,,,,,,,,,,,,,,,,,,,,,,,,,,,,,,,,,,,,,,,,,,,,,,,1,2,3,4,5,6,7,8,9,10,,1,2,3,4,5,6,7,8,9,10,11,,1,2,3,4,5,6,7,8,9,10,,1,2,3,4,5,6,7,8,9,10,11,12,13,14,15,16,,,,,,,,,,,,,
,★★★★★,Navia,,4,,,,,,,,,,,,,,,,,,,,,,,,,,,,,,,,,,,,,,,,,,,,,,,,,,,,,,,,,,,1,2,3,4,5,6,7,8,9,,1,2,3,4,5,6,7,8,9,10,11,12,13,,1,2,3,4,5,6,7,8,9,10,11,12,13,14,15,16,C,1,2,3,4,5,6,7,,,,,,,,,,,,,
,★★★★★,XIanyun,,2,,,,,,,,,,,,,,,,,,,,,,,,,,,,,,,,,,,,,,,,,,,,,,,,,,,,,,,,,,,,,1,2,3,4,5,6,7,8,9,10,11,12,13,14,15,16,17,18,19,,1,2,3,4,5,6,7,8,9,10,11,12,13,14,15,16,17,18,19,20,21,22,23,24,25,26,,,,,,,,,,,,,
,★★★★★,Chiori,,3,,,,,,,,,,,,,,,,,,,,,,,,,,,,,,,,,,,,,,,,,,,,,,,,,,,,,,,,,,,,,,,1,2,3,4,5,6,7,8,9,,1,2,3,4,5,6,7,8,9,10,C,1,2,3,4,5,6,7,8,9,10,11,12,13,14,15,16,17,18,19,20,21,22,23,,,,,,,,,,,,,
,★★★★★,Arlecchino,,4,,,,,,,,,,,,,,,,,,,,,,,,,,,,,,,,,,,,,,,,,,,,,,,,,,,,,,,,,,,,,,,,,1,2,3,4,5,6,7,8,9,10,11,12,,1,2,3,4,5,6,7,8,9,10,11,12,13,,1,2,3,4,5,6,7,8,9,10,11,12,,1,2,,,,,,,,,,,,,
,★★★★★,Clorinde,,3,,,,,,,,,,,,,,,,,,,,,,,,,,,,,,,,,,,,,,,,,,,,,,,,,,,,,,,,,,,,,,,,,,,1,2,3,4,5,6,7,8,9,10,,1,2,3,4,5,6,7,8,9,10,11,12,13,14,15,16,17,18,19,20,21,C,1,2,3,4,5,6,7,,,,,,,,,,,,,
,★★★★★,Sigewinne,,3,,,,,,,,,,,,,,,,,,,,,,,,,,,,,,,,,,,,,,,,,,,,,,,,,,,,,,,,,,,,,,,,,,,,1,2,3,4,5,6,7,8,9,10,,1,2,3,4,5,6,7,8,9,10,11,12,13,14,15,16,17,18,19,20,C,1,2,3,4,5,6,7,,,,,,,,,,,,,
,★★★★★,Emelie,,3,,,,,,,,,,,,,,,,,,,,,,,,,,,,,,,,,,,,,,,,,,,,,,,,,,,,,,,,,,,,,,,,,,,,,,1,2,3,4,5,6,7,8,9,10,11,12,13,14,15,,1,2,3,4,5,6,7,8,9,10,11,12,13,C,1,2,3,4,5,6,7,,,,,,,,,,,,,
,★★★★★,Mualani,,2,,,,,,,,,,,,,,,,,,,,,,,,,,,,,,,,,,,,,,,,,,,,,,,,,,,,,,,,,,,,,,,,,,,,,,,1,2,3,4,5,6,7,8,9,10,11,12,13,14,15,16,,1,2,3,4,5,6,7,8,9,10,11,12,13,14,15,16,17,18,19,,,,,,,,,,,,,
,★★★★★,Kinich,,2,,,,,,,,,,,,,,,,,,,,,,,,,,,,,,,,,,,,,,,,,,,,,,,,,,,,,,,,,,,,,,,,,,,,,,,,1,2,3,4,5,6,7,8,9,10,11,,1,2,3,4,5,6,7,8,9,10,11,12,13,14,15,16,17,18,19,20,21,22,23,,,,,,,,,,,,,
,★★★★★,Xilonen,,3,,,,,,,,,,,,,,,,,,,,,,,,,,,,,,,,,,,,,,,,,,,,,,,,,,,,,,,,,,,,,,,,,,,,,,,,,1,2,3,4,5,6,7,8,,1,2,3,4,5,6,7,8,9,10,11,,1,2,3,4,5,6,7,8,9,10,11,12,13,,,,,,,,,,,,,
,★★★★★,Chasca,,3,,,,,,,,,,,,,,,,,,,,,,,,,,,,,,,,,,,,,,,,,,,,,,,,,,,,,,,,,,,,,,,,,,,,,,,,,,,1,2,3,4,5,6,7,8,9,10,11,12,,1,2,3,4,5,6,7,8,9,10,,1,2,3,4,5,6,7,8,,,,,,,,,,,,,
,★★★★★,Mavuika,,3,,,,,,,,,,,,,,,,,,,,,,,,,,,,,,,,,,,,,,,,,,,,,,,,,,,,,,,,,,,,,,,,,,,,,,,,,,,,,1,2,3,4,5,6,7,8,,1,2,3,4,5,6,7,8,9,10,11,12,13,14,15,,1,2,3,4,5,,,,,,,,,,,,,
,★★★★★,Citlali,,3,,,,,,,,,,,,,,,,,,,,,,,,,,,,,,,,,,,,,,,,,,,,,,,,,,,,,,,,,,,,,,,,,,,,,,,,,,,,,1,2,3,4,5,6,7,8,9,,1,2,3,4,5,6,7,8,9,10,11,12,13,14,15,,1,2,3,4,,,,,,,,,,,,,
,★★★★★,Yumemizuki Mizuki,,2,,,,,,,,,,,,,,,,,,,,,,,,,,,,,,,,,,,,,,,,,,,,,,,,,,,,,,,,,,,,,,,,,,,,,,,,,,,,,,,1,2,3,4,5,6,7,8,9,10,11,12,13,14,15,16,17,18,19,20,21,22,23,L,1,2,3,4,,,,,,,,,,,,,
,★★★★★,Varesa,,2,,,,,,,,,,,,,,,,,,,,,,,,,,,,,,,,,,,,,,,,,,,,,,,,,,,,,,,,,,,,,,,,,,,,,,,,,,,,,,,,,1,2,3,4,5,6,7,8,9,10,11,12,,1,2,3,4,5,6,7,8,9,10,11,12,13,,,,,,,,,,,,,
,★★★★★,Escoffier,,2,,,,,,,,,,,,,,,,,,,,,,,,,,,,,,,,,,,,,,,,,,,,,,,,,,,,,,,,,,,,,,,,,,,,,,,,,,,,,,,,,,,1,2,3,4,5,6,7,8,9,10,11,12,13,14,,1,2,3,4,5,6,7,8,9,,,,,,,,,,,,,
,★★★★★,Skirk,,2,,,,,,,,,,,,,,,,,,,,,,,,,,,,,,,,,,,,,,,,,,,,,,,,,,,,,,,,,,,,,,,,,,,,,,,,,,,,,,,,,,,,,1,2,3,4,5,6,7,8,9,10,11,12,,1,2,3,4,5,6,7,8,9,,,,,,,,,,,,,
,★★★★★,Ineffa,,3,,,,,,,,,,,,,,,,,,,,,,,,,,,,,,,,,,,,,,,,,,,,,,,,,,,,,,,,,,,,,,,,,,,,,,,,,,,,,,,,,,,,,,,1,2,3,4,5,6,7,,1,2,3,4,5,6,7,8,9,10,,1,,,,,,,,,,,,,
,★★★★★,Lauma,,2,,,,,,,,,,,,,,,,,,,,,,,,,,,,,,,,,,,,,,,,,,,,,,,,,,,,,,,,,,,,,,,,,,,,,,,,,,,,,,,,,,,,,,,,,1,2,3,4,5,6,7,8,9,10,,1,2,3,4,5,6,7,,,,,,,,,,,,,
,★★★★★,Flins,,3,,,,,,,,,,,,,,,,,,,,,,,,,,,,,,,,,,,,,,,,,,,,,,,,,,,,,,,,,,,,,,,,,,,,,,,,,,,,,,,,,,,,,,,,,,1,2,3,4,5,6,,1,2,3,4,5,6,7,8,,1,,,,,,,,,,,,,
,★★★★★,Nefer,,2,,,,,,,,,,,,,,,,,,,,,,,,,,,,,,,,,,,,,,,,,,,,,,,,,,,,,,,,,,,,,,,,,,,,,,,,,,,,,,,,,,,,,,,,,,,1,2,3,4,5,6,7,8,,1,2,3,4,5,6,7,,,,,,,,,,,,,
,★★★★★,Durin,,2,,,,,,,,,,,,,,,,,,,,,,,,,,,,,,,,,,,,,,,,,,,,,,,,,,,,,,,,,,,,,,,,,,,,,,,,,,,,,,,,,,,,,,,,,,,,,1,2,3,4,5,6,7,,1,2,3,4,5,6,,,,,,,,,,,,,
,★★★★★,Columbina,,2,,,,,,,,,,,,,,,,,,,,,,,,,,,,,,,,,,,,,,,,,,,,,,,,,,,,,,,,,,,,,,,,,,,,,,,,,,,,,,,,,,,,,,,,,,,,,,,1,2,3,4,5,6,7,8,,1,2,3,,,,,,,,,,,,,
,★★★★★,Zibai,,1,,,,,,,,,,,,,,,,,,,,,,,,,,,,,,,,,,,,,,,,,,,,,,,,,,,,,,,,,,,,,,,,,,,,,,,,,,,,,,,,,,,,,,,,,,,,,,,,1,2,3,4,5,6,7,8,9,10,11,,,,,,,,,,,,,
,★★★★★,Varka,,1,,,,,,,,,,,,,,,,,,,,,,,,,,,,,,,,,,,,,,,,,,,,,,,,,,,,,,,,,,,,,,,,,,,,,,,,,,,,,,,,,,,,,,,,,,,,,,,,,1,2,3,4,5,6,7,8,9,10,,,,,,,,,,,,,
,★★★★★,Linnea,,1,,,,,,,,,,,,,,,,,,,,,,,,,,,,,,,,,,,,,,,,,,,,,,,,,,,,,,,,,,,,,,,,,,,,,,,,,,,,,,,,,,,,,,,,,,,,,,,,,,,1,2,3,4,5,6,7,8,,,,,,,,,,,,,
,★★★★★,Nicole,,1,,,,,,,,,,,,,,,,,,,,,,,,,,,,,,,,,,,,,,,,,,,,,,,,,,,,,,,,,,,,,,,,,,,,,,,,,,,,,,,,,,,,,,,,,,,,,,,,,,,,,1,2,3,4,5,6,,,,,,,,,,,,,
,★★★★★,Lohen,,1,,,,,,,,,,,,,,,,,,,,,,,,,,,,,,,,,,,,,,,,,,,,,,,,,,,,,,,,,,,,,,,,,,,,,,,,,,,,,,,,,,,,,,,,,,,,,,,,,,,,,,1,2,3,4,5,,,,,,,,,,,,,
,★★★★★,Sandrone,,1,,,,,,,,,,,,,,,,,,,,,,,,,,,,,,,,,,,,,,,,,,,,,,,,,,,,,,,,,,,,,,,,,,,,,,,,,,,,,,,,,,,,,,,,,,,,,,,,,,,,,,,1,2,3,4,,,,,,,,,,,,,
,★★★★★,Odette,,1,,,,,,,,,,,,,,,,,,,,,,,,,,,,,,,,,,,,,,,,,,,,,,,,,,,,,,,,,,,,,,,,,,,,,,,,,,,,,,,,,,,,,,,,,,,,,,,,,,,,,,,,,1,2,,,,,,,,,,,,,
,★★★★★,,,0,,,,,,,,,,,,,,,,,,,,,,,,,,,,,,,,,,,,,,,,,,,,,,,,,,,,,,,,,,,,,,,,,,,,,,,,,,,,,,,,,,,,,,,,,,,,,,,,,,,,,,,,,,,,,,,,,,,,,,,
,,,,,,,,,,,,,,,,,,,,,,,,,,,,,,,,,,,,,,,,,,,,,,,,,,,,,,,,,,,,,,,,,,,,,,,,,,,,,,,,,,,,,,,,,,,,,,,,,,,,,,,,,,,,,,,,,,,,,,,,,,,
,★★★★,Barbara,,15,,1,2,3,4,5,6,,1,2,,1,2,,1,2,3,4,5,6,7,8,,1,2,3,4,5,6,,1,2,3,4,5,6,,1,2,3,4,5,6,,1,2,3,4,5,6,7,,1,2,3,4,5,6,7,8,9,C,,1,2,3,4,5,6,7,8,9,10,,1,2,3,4,5,6,7,8,9,10,11,12,13,,1,2,3,4,5,6,7,C,1,2,3,4,5,L,1,2,3,4,,,,,,,,,,,,,
,★★★★,Fischl,,15,,1,2,3,,1,2,3,4,5,,1,2,,1,2,3,4,5,6,7,8,9,10,11,,1,2,3,4,5,6,7,,1,2,3,4,5,6,7,8,9,10,11,12,,1,2,3,4,5,6,,1,2,3,4,5,6,7,C,1,2,3,4,5,6,7,8,9,10,11,12,,1,2,3,4,5,6,7,8,9,10,,1,2,3,4,5,6,7,,1,C,1,2,3,,1,L,1,2,3,4,,,,,,,,,,,,,
,★★★★,Xiangling,,17,,1,2,3,4,,1,2,,1,2,3,4,5,6,7,8,,1,2,3,4,,1,2,3,4,,1,2,3,4,5,6,7,8,,1,2,3,4,5,6,7,8,9,10,11,,1,2,3,4,5,6,7,,1,2,3,4,5,6,,1,2,3,4,,1,2,3,4,5,6,7,C,,1,2,3,4,5,6,,1,2,3,4,5,6,7,8,9,10,,1,2,3,4,,L,1,2,3,4,,,,,,,,,,,,,
,★★★★,Noelle,,14,,,1,2,3,,1,2,3,,1,,1,2,3,4,5,6,7,8,9,,1,2,3,4,5,6,7,,1,2,3,4,5,6,7,,1,2,3,4,5,6,7,8,9,10,11,12,13,14,,1,2,3,4,5,6,,1,C,1,2,3,4,,1,2,3,4,5,6,7,8,9,10,11,12,13,14,15,16,17,18,19,20,21,22,23,24,25,26,27,28,C,1,,1,2,3,L,1,2,3,4,,,,,,,,,,,,,
,★★★★,Sucrose,,15,,,1,2,,1,2,3,4,,1,2,3,,1,2,3,,1,2,3,4,5,6,7,8,9,,1,2,3,4,5,6,,1,2,3,4,5,6,7,8,9,,1,2,3,4,5,6,7,8,9,10,11,12,,1,2,3,C,1,2,3,4,5,6,7,8,9,10,11,,1,2,3,4,5,6,7,8,9,10,11,12,13,14,,1,2,3,4,5,6,,1,2,3,4,5,L,1,,1,2,,,,,,,,,,,,,
,★★★★,Xingqiu,,16,,,1,2,3,,1,2,,1,2,3,,1,2,3,4,5,,1,2,3,4,5,,1,2,3,4,5,6,7,8,9,,1,2,3,4,5,6,7,,1,2,3,4,5,6,7,8,9,10,,1,2,3,4,5,6,7,8,,1,2,3,4,5,6,7,8,9,,1,2,3,C,1,2,3,4,5,6,7,8,,1,2,3,,1,2,3,4,5,6,7,8,,1,2,L,1,2,3,4,,,,,,,,,,,,,
,★★★★,Beidou,,12,,,,1,2,3,,1,2,3,4,5,,1,2,3,4,5,,1,2,3,4,5,,1,2,3,4,5,6,7,8,9,10,11,,1,2,3,4,5,,1,2,3,4,5,6,7,8,9,10,11,12,,1,2,3,4,5,6,7,8,,1,2,3,4,5,6,7,8,9,10,11,C,1,2,3,,1,2,3,4,5,6,7,8,9,10,11,12,13,14,15,16,17,18,19,20,,1,2,3,4,,,,,,,,,,,,,
,★★★★,Diona,,14,,,,1,2,3,,1,2,3,4,,1,2,3,4,,1,2,3,,1,2,3,4,,1,2,3,4,5,6,7,,1,2,3,4,5,6,7,8,9,10,,1,2,3,4,5,6,7,8,,1,2,3,4,5,6,7,C,1,2,3,4,5,6,7,8,9,10,11,12,13,,1,2,3,4,5,6,7,,1,2,3,4,5,6,7,8,9,10,11,C,1,2,3,4,5,,1,2,3,4,,,,,,,,,,,,,
,★★★★,Ningguang,,11,,,,1,2,3,4,,1,2,3,4,5,6,7,,1,2,3,,1,2,3,,1,2,3,4,5,6,7,,1,2,3,4,5,6,7,8,9,10,,1,2,3,4,5,6,7,8,9,10,11,12,13,14,15,16,17,,1,2,3,4,5,6,,1,2,3,4,5,6,7,8,C,1,2,3,4,5,6,7,8,9,10,11,12,13,14,15,16,17,18,19,20,21,22,23,24,L,1,2,3,4,,,,,,,,,,,,,
,★★★★,Chongyun,,11,,,,,1,2,3,4,,1,2,3,4,5,6,,1,2,3,,1,2,3,,1,2,3,4,5,6,,1,2,3,4,5,6,7,8,9,10,11,12,13,14,15,16,,1,2,3,4,5,6,,1,2,3,4,5,6,7,8,9,10,11,12,13,14,15,16,17,18,19,20,21,C,1,,1,2,3,4,5,6,7,8,9,10,11,12,13,14,15,16,17,18,19,20,21,22,L,1,2,3,4,,,,,,,,,,,,,
,★★★★,Razor,,11,,,,,1,2,3,4,5,,1,2,3,4,,1,2,3,4,5,6,7,8,9,10,11,12,13,,1,2,3,4,5,6,7,8,,1,2,3,4,5,6,7,8,9,10,11,,1,2,3,4,5,6,7,8,9,10,11,C,1,2,3,4,5,6,,1,2,3,4,5,6,7,8,9,10,11,12,13,14,15,16,17,18,19,20,21,22,23,24,25,26,C,1,2,3,,1,L,1,2,3,4,,,,,,,,,,,,,
,★★★★,Xinyan,,11,,,,,1,2,,1,2,3,4,5,,1,2,3,,1,2,3,4,5,6,7,8,9,,1,2,3,4,5,,1,2,3,4,5,6,7,8,,1,2,3,4,5,6,7,8,9,10,11,12,13,14,15,16,17,18,,1,2,3,4,5,6,7,8,,1,2,3,4,5,6,C,1,2,3,4,5,6,7,8,9,10,11,12,13,14,15,16,17,18,19,20,21,22,23,24,L,1,2,3,4,,,,,,,,,,,,,
,★★★★,Bennett,,19,,,,,,1,2,,1,2,3,4,5,6,,1,2,3,4,5,6,,1,2,3,4,,1,2,3,4,5,,1,2,3,4,,1,2,3,4,5,,1,2,3,4,5,6,7,,1,2,3,4,5,6,,1,2,C,1,2,3,,1,2,3,,1,2,3,4,5,,1,2,3,4,5,6,7,8,9,10,,1,2,3,4,,1,2,3,,1,2,3,4,,L,1,2,3,4,,,,,,,,,,,,,
,★★★★,Rosaria,,14,,,,,,,,,,,,1,2,3,,1,2,3,,1,2,,1,2,3,4,5,6,,1,2,3,4,5,6,7,8,9,10,11,,1,2,3,4,5,6,7,8,9,,1,2,3,4,5,6,,1,2,3,C,1,2,3,4,,1,2,3,4,5,6,7,8,9,,1,2,3,4,5,6,7,8,9,10,11,12,13,,1,2,3,4,C,1,2,3,4,5,L,1,2,3,4,,,,,,,,,,,,,
,★★★★,Yanfei,,12,,,,,,,,,,,,,1,2,3,,1,2,3,,1,2,3,4,,1,2,3,4,,1,2,3,4,5,6,7,8,9,,1,2,3,4,5,6,7,8,9,10,,1,2,3,4,5,6,7,8,9,10,11,,1,2,3,4,5,,1,2,3,4,5,6,7,C,1,2,3,,1,2,3,4,5,6,7,8,9,10,11,12,13,14,15,16,17,18,19,20,L,1,2,3,4,,,,,,,,,,,,,
,★★★★,Sayu,,9,,,,,,,,,,,,,,,,,,1,2,3,,1,2,3,4,5,6,7,,1,2,3,4,5,6,,1,2,3,4,,1,2,3,4,5,6,7,8,9,10,11,,1,2,3,4,5,6,7,8,9,10,11,12,13,14,15,16,17,18,19,20,21,22,23,24,,1,2,3,4,C,1,2,3,4,5,6,7,8,9,10,11,12,13,14,15,16,17,18,L,1,2,3,4,,,,,,,,,,,,,
,★★★★,Kujou Sara,,7,,,,,,,,,,,,,,,,,,,1,2,3,4,5,6,7,8,,1,2,3,4,5,6,7,8,9,10,11,12,13,,1,2,3,4,5,6,7,8,9,10,11,12,13,14,15,16,17,,1,2,3,4,5,6,7,8,9,10,11,,1,2,3,4,5,6,7,8,9,10,11,,1,2,3,4,5,6,7,8,9,10,11,12,13,14,15,16,17,18,L,1,2,3,4,,,,,,,,,,,,,
,★★★★,Thoma,,10,,,,,,,,,,,,,,,,,,,,,,1,2,3,4,,1,2,3,4,5,,1,2,3,4,5,6,,1,2,3,4,5,6,7,8,9,10,,1,2,3,4,,1,2,3,4,5,6,7,8,9,10,,1,2,3,4,,1,2,3,4,5,6,7,8,9,10,11,,1,2,3,4,5,6,7,8,9,10,11,12,13,14,15,16,17,18,L,1,2,3,4,,,,,,,,,,,,,
,★★★★,Gorou,,8,,,,,,,,,,,,,,,,,,,,,,,,1,2,3,4,5,6,7,,1,2,3,4,5,6,7,8,,1,2,3,4,5,6,7,8,9,10,11,12,13,14,15,16,17,18,19,20,21,,1,2,3,4,5,6,7,8,9,10,11,12,13,14,15,,1,2,3,4,C,1,2,3,4,5,6,7,8,9,10,11,,1,2,3,4,5,6,L,1,2,3,4,,,,,,,,,,,,,
,★★★★,Yun Jin,,9,,,,,,,,,,,,,,,,,,,,,,,,,1,2,3,,1,2,3,4,,1,2,3,4,5,6,7,8,,1,2,3,4,5,,1,2,3,4,5,6,7,8,9,10,11,12,13,,1,2,3,4,5,6,7,8,9,10,11,12,13,14,C,1,2,3,4,5,6,7,8,9,10,11,12,13,,1,2,3,4,5,6,7,8,9,10,L,1,2,3,4,,,,,,,,,,,,,
,★★★★,Kuki Shinobu,,8,,,,,,,,,,,,,,,,,,,,,,,,,,,,,,,,1,2,3,4,,1,2,3,4,5,6,7,8,9,,1,2,3,4,5,6,7,8,9,10,,1,2,3,4,5,6,7,8,9,10,11,12,13,14,15,,1,2,3,4,5,6,7,8,9,C,1,2,3,4,,1,2,3,4,5,6,7,8,9,10,11,12,13,L,1,2,3,4,,,,,,,,,,,,,
,★★★★,Shikanoin Heizou,,6,,,,,,,,,,,,,,,,,,,,,,,,,,,,,,,,,1,2,3,4,5,6,,1,2,3,4,5,6,7,8,9,,1,2,3,4,5,6,7,8,9,10,11,12,13,14,15,16,17,18,19,20,21,22,23,24,25,,1,2,3,4,5,6,7,C,1,2,3,4,5,6,7,8,9,10,11,12,13,14,15,16,17,18,L,1,2,3,4,,,,,,,,,,,,,
,★★★★,Collei,,7,,,,,,,,,,,,,,,,,,,,,,,,,,,,,,,,,,,1,2,3,4,5,6,7,8,9,,1,2,3,4,5,6,7,8,9,10,11,,1,2,3,4,5,6,7,8,9,10,11,12,13,14,15,,1,2,3,4,5,6,7,8,9,10,11,12,13,14,15,C,1,,1,2,3,4,5,6,7,8,9,10,11,L,1,2,3,4,,,,,,,,,,,,,
,★★★★,Dori,,8,,,,,,,,,,,,,,,,,,,,,,,,,,,,,,,,,,,,1,2,3,4,5,6,7,8,9,10,,1,2,3,4,5,6,7,8,,1,2,3,4,5,6,,1,2,3,4,5,6,7,8,9,,1,2,3,4,5,6,7,8,9,10,11,12,13,14,15,C,,1,2,3,4,5,6,7,8,9,10,11,12,L,1,2,3,4,,,,,,,,,,,,,
,★★★★,Candace,,8,,,,,,,,,,,,,,,,,,,,,,,,,,,,,,,,,,,,,1,2,3,4,5,6,7,8,9,10,,1,2,3,4,5,6,7,8,9,10,,1,2,3,4,5,6,7,8,9,10,11,12,13,,1,2,3,4,5,6,7,8,9,10,11,,1,2,3,C,1,2,3,4,5,6,7,8,,1,2,3,4,L,1,2,3,4,,,,,,,,,,,,,
,★★★★,Layla,,6,,,,,,,,,,,,,,,,,,,,,,,,,,,,,,,,,,,,,,,,1,2,3,4,5,6,,1,2,3,4,5,6,7,8,9,10,11,12,13,14,15,16,17,18,,1,2,3,4,5,6,7,8,9,10,11,12,13,14,15,16,,1,2,3,4,5,C,1,2,3,4,5,6,7,8,9,10,11,12,13,L,1,2,3,4,,,,,,,,,,,,,
,★★★★,Faruzan,,8,,,,,,,,,,,,,,,,,,,,,,,,,,,,,,,,,,,,,,,,,1,2,3,4,5,6,7,8,9,10,,1,2,3,4,5,6,7,8,,1,2,3,4,,1,2,3,4,5,6,7,8,9,10,11,12,13,14,15,,1,2,3,4,5,6,C,1,2,3,,1,2,3,4,5,6,7,8,9,L,1,2,3,4,,,,,,,,,,,,,
,★★★★,Yaoyao,,8,,,,,,,,,,,,,,,,,,,,,,,,,,,,,,,,,,,,,,,,,,,1,2,3,4,5,6,,1,2,3,4,5,6,7,8,9,10,11,,1,2,3,4,5,6,7,8,9,10,11,12,13,,1,C,1,2,3,4,5,6,7,,1,2,3,4,,1,2,3,4,5,6,7,8,9,10,11,L,1,2,3,4,,,,,,,,,,,,,
,★★★★,Mika,,7,,,,,,,,,,,,,,,,,,,,,,,,,,,,,,,,,,,,,,,,,,,,,,1,2,3,4,,1,2,3,4,5,6,7,8,9,10,11,C,1,2,3,4,5,6,7,8,9,10,11,12,13,14,15,16,,1,2,3,4,5,6,7,8,9,10,11,12,13,14,15,16,C,1,2,3,4,,L,1,2,3,4,,,,,,,,,,,,,
,★★★★,Kaveh,,4,,,,,,,,,,,,,,,,,,,,,,,,,,,,,,,,,,,,,,,,,,,,,,,,1,2,3,4,5,6,7,8,9,10,11,12,13,14,15,16,17,18,19,20,,1,2,3,4,5,6,7,8,9,10,11,12,13,14,15,16,17,18,19,,1,2,3,4,5,6,7,8,9,10,11,12,13,L,1,2,3,4,,,,,,,,,,,,,
,★★★★,Kirara,,6,,,,,,,,,,,,,,,,,,,,,,,,,,,,,,,,,,,,,,,,,,,,,,,,,1,2,3,4,5,6,7,8,,1,2,3,4,5,6,7,8,9,10,,1,2,3,4,5,6,7,8,9,10,11,12,13,14,C,1,2,3,4,5,6,7,8,9,10,11,12,13,14,15,,1,2,L,1,2,3,4,,,,,,,,,,,,,
,★★★★,Lynette,,6,,,,,,,,,,,,,,,,,,,,,,,,,,,,,,,,,,,,,,,,,,,,,,,,,,,,,1,2,3,4,5,6,7,8,9,10,11,,1,2,3,4,5,6,7,8,9,10,11,12,13,14,15,16,17,18,,1,2,3,4,5,6,7,8,9,10,11,12,13,14,15,C,1,2,L,1,,1,2,,,,,,,,,,,,,
,★★★★,Freminet,,4,,,,,,,,,,,,,,,,,,,,,,,,,,,,,,,,,,,,,,,,,,,,,,,,,,,,,,1,2,3,4,5,6,7,8,9,10,,1,2,3,4,5,6,7,8,9,10,11,12,13,14,15,16,17,18,19,20,21,22,23,24,25,26,27,28,29,30,31,32,33,34,C,1,2,,1,2,3,4,,,,,,,,,,,,,
,★★★★,Charlotte,,5,,,,,,,,,,,,,,,,,,,,,,,,,,,,,,,,,,,,,,,,,,,,,,,,,,,,,,,,,1,2,3,4,5,6,7,8,9,10,11,12,13,14,15,16,17,18,19,20,21,22,,1,2,3,4,5,6,7,8,9,10,11,12,13,14,15,16,17,,1,C,1,2,L,1,2,3,4,,,,,,,,,,,,,
,★★★★,Chevreuse,,7,,,,,,,,,,,,,,,,,,,,,,,,,,,,,,,,,,,,,,,,,,,,,,,,,,,,,,,,,,,,1,2,3,4,5,6,7,8,9,10,11,,1,2,3,4,5,,1,2,,1,2,3,4,5,6,7,8,9,10,11,12,,1,2,3,4,5,C,1,2,L,1,2,3,4,,,,,,,,,,,,,
,★★★★,Gaming,,7,,,,,,,,,,,,,,,,,,,,,,,,,,,,,,,,,,,,,,,,,,,,,,,,,,,,,,,,,,,,,1,2,3,4,5,6,,1,2,3,4,5,6,7,8,9,C,1,2,,1,2,3,4,5,6,7,8,9,10,11,12,,1,2,3,4,5,6,7,8,L,1,2,3,4,,,,,,,,,,,,,
,★★★★,Sethos,,6,,,,,,,,,,,,,,,,,,,,,,,,,,,,,,,,,,,,,,,,,,,,,,,,,,,,,,,,,,,,,,,,,,,1,2,3,4,5,6,,1,2,3,4,5,6,7,8,9,10,11,12,,1,C,1,2,3,4,5,,1,2,3,4,5,6,7,L,,1,2,3,,,,,,,,,,,,,
,★★★★,Kachina,,3,,,,,,,,,,,,,,,,,,,,,,,,,,,,,,,,,,,,,,,,,,,,,,,,,,,,,,,,,,,,,,,,,,,,,,,1,2,3,4,5,,1,2,3,4,5,6,7,8,9,10,11,12,13,14,15,16,17,18,19,20,21,22,23,24,25,L,1,2,3,4,,,,,,,,,,,,,
,★★★★,Ororon,,4,,,,,,,,,,,,,,,,,,,,,,,,,,,,,,,,,,,,,,,,,,,,,,,,,,,,,,,,,,,,,,,,,,,,,,,,,,,1,2,3,4,5,6,7,,1,2,3,4,,1,2,3,4,5,6,7,8,9,10,11,12,13,14,L,,1,2,3,,,,,,,,,,,,,
,★★★★,Lan Yan,,4,,,,,,,,,,,,,,,,,,,,,,,,,,,,,,,,,,,,,,,,,,,,,,,,,,,,,,,,,,,,,,,,,,,,,,,,,,,,,,1,2,3,4,5,6,7,8,9,10,11,12,13,,1,2,3,4,5,6,7,8,9,10,L,1,2,,1,,,,,,,,,,,,,
,★★★★,Iansan,,5,,,,,,,,,,,,,,,,,,,,,,,,,,,,,,,,,,,,,,,,,,,,,,,,,,,,,,,,,,,,,,,,,,,,,,,,,,,,,,,,,1,2,3,4,,1,2,3,4,5,6,7,,1,2,3,4,5,6,7,8,L,1,2,,1,,,,,,,,,,,,,
,★★★★,Ifa,,4,,,,,,,,,,,,,,,,,,,,,,,,,,,,,,,,,,,,,,,,,,,,,,,,,,,,,,,,,,,,,,,,,,,,,,,,,,,,,,,,,,,1,2,3,4,,1,2,3,4,5,6,,1,2,3,4,5,6,7,L,1,2,3,4,,,,,,,,,,,,,
,★★★★,Dhalia,,4,,,,,,,,,,,,,,,,,,,,,,,,,,,,,,,,,,,,,,,,,,,,,,,,,,,,,,,,,,,,,,,,,,,,,,,,,,,,,,,,,,,,,1,2,3,4,5,6,7,8,9,10,11,C,,1,2,3,4,L,1,2,3,4,,,,,,,,,,,,,
,★★★★,Aino,,5,,,,,,,,,,,,,,,,,,,,,,,,,,,,,,,,,,,,,,,,,,,,,,,,,,,,,,,,,,,,,,,,,,,,,,,,,,,,,,,,,,,,,,,,,,1,2,3,4,5,,1,2,,1,2,3,L,1,2,,1,,,,,,,,,,,,,
,★★★★,Jahoda,,3,,,,,,,,,,,,,,,,,,,,,,,,,,,,,,,,,,,,,,,,,,,,,,,,,,,,,,,,,,,,,,,,,,,,,,,,,,,,,,,,,,,,,,,,,,,,,1,2,3,4,5,6,,1,2,L,,1,2,3,,,,,,,,,,,,,
,★★★★,Illuga,,3,,,,,,,,,,,,,,,,,,,,,,,,,,,,,,,,,,,,,,,,,,,,,,,,,,,,,,,,,,,,,,,,,,,,,,,,,,,,,,,,,,,,,,,,,,,,,,,,1,2,,1,2,3,L,1,2,3,4,,,,,,,,,,,,,
,★★★★,Prune,,2,,,,,,,,,,,,,,,,,,,,,,,,,,,,,,,,,,,,,,,,,,,,,,,,,,,,,,,,,,,,,,,,,,,,,,,,,,,,,,,,,,,,,,,,,,,,,,,,,,,,,1,L,1,2,3,4,,,,,,,,,,,,,
,★★★★,Alyosha,,1,,,,,,,,,,,,,,,,,,,,,,,,,,,,,,,,,,,,,,,,,,,,,,,,,,,,,,,,,,,,,,,,,,,,,,,,,,,,,,,,,,,,,,,,,,,,,,,,,,,,,,,,,1,2,,,,,,,,,,,,,
,★★★★,,,0,,,,,,,,,,,,,,,,,,,,,,,,,,,,,,,,,,,,,,,,,,,,,,,,,,,,,,,,,,,,,,,,,,,,,,,,,,,,,,,,,,,,,,,,,,,,,,,,,,,,,,,,,,,,,,,,,,,,,,,